domain,rank,backlinks_to_bayut,backlinks_to_propertyfinder,backlinks_to_betterhomes,category
bso.ae,224,867,899,4,re_portal_agency
soalit.com,174,124,3,3,other_qualify
properita.com,170,1863,3726,1128,other_qualify
decoupage-paper.com,140,788,2,1,other_qualify
emirates-online.net,126,36,21,1,other_qualify
sandsofwealth.com,124,510,198,11,other_qualify
expat.com,123,106,66,14,expat_community
grokipedia.com,120,518,352,10,other_qualify
homelerss.org,119,132,107,2,other_qualify
hamrahestate.com,118,18,10,1,re_portal_agency
economymiddleeast.com,115,19,16,8,media_pr
gloopla.com,108,40,61,6,other_qualify
gcu.edu.pk,104,15,21,42,other_qualify
airial.travel,103,62,32,3,other_qualify
emaratkhoone.com,102,29,15,1,other_qualify
homecubes.io,101,49,18,3,re_portal_agency
aigentsrealty.com,98,26,56,1,re_portal_agency
investdubaitoday.com,96,11,5,2,re_portal_agency
sandytimes.ae,95,45,9,9,media_pr
expatlivingguide.com,88,5,2,1,expat_community
invest-with-ammar.com,84,183,45,15,other_qualify
deluxehomes.com,80,58,6,4,re_portal_agency
dubaibusinessadvisors.com,79,40,2,3,other_qualify
emiratesbd.ae,79,30,3,3,other_qualify
ritukant.com,77,20,14,4,other_qualify
dubaisland.com,76,4,6,2,other_qualify
fcrealestate.ae,75,16,34,1,re_portal_agency
rd-dubai.com,71,26,37,4,other_qualify
arabianbusiness.com,67,26,61,30,media_pr
dbamc.com,66,39,1,3,other_qualify
thefirstgroup.com,66,14,24,4,developer
estatemagazine.ae,64,49,34,4,media_pr
dubaisbest.com,63,29,7,1,other_qualify
grovy.ae,63,15,8,2,re_portal_agency
nextlevelrealestate.ae,62,23,5,1,re_portal_agency
jobxdubai.com,62,25,11,13,other_qualify
newbai.ae,61,26,4,1,other_qualify
adro.gov.ae,56,88,7,7,other_qualify
uaepedia.net,55,17,12,4,other_qualify
chr.ae,55,14,14,1,other_qualify
anaxdevelopments.com,52,14,11,1,other_qualify
arabmls.org,52,13,4,1,other_qualify
dubaimatic.com,51,1,1,2,other_qualify
pdfbookee.com,51,22,29,1,other_qualify
11prop.com,50,8,3,1,other_qualify
allocationassist.com,49,26,1,3,other_qualify
keycapitalproperties.com,49,12,16,1,re_portal_agency
foreignbuyerswatch.com,48,13,21,2,other_qualify
remitly.com,44,29,32,1,other_qualify
hult.edu,44,2,2,2,other_qualify
dubaipropertyguide.ae,44,11,1,1,re_portal_agency
worldhorizonsx.com,42,4,7,1,other_qualify
daltxrealestate.com,42,2,2,3,re_portal_agency
pennyrealtors.com,42,17,14,1,other_qualify
marvelhomes.ae,40,15,1,3,re_portal_agency
naimatproperties.com,40,2,1,2,re_portal_agency
brandradar.org,38,15,20,5,other_qualify
cbinsights.com,37,7,4,1,other_qualify
whatson.ae,36,10,20,3,other_qualify
vuink.com,34,52,22,4,other_qualify
lanatime.com,32,12,7,12,other_qualify
shine-magazine.com,28,10,8,2,media_pr
thenationalnews.com,28,10,37,24,media_pr
distrilist.eu,26,8,1,1,other_qualify
mydubailifestyle.com,26,11,8,1,other_qualify
dubaitravelator.com,24,4,1,1,other_qualify
cryptocipherium.com,23,1,1,2,other_qualify
usawire.com,23,1,1,1,other_qualify
dubaisouking.com,23,2,1,1,other_qualify
allyoucanread.com,23,4,4,4,other_qualify
araboo.com,23,1,1,1,other_qualify
notifyninja.com,23,2,4,2,other_qualify
mieyaruae.com,21,81,6,32,other_qualify
propertynewsint.com,19,4,14,6,media_pr
uaenews247.com,17,9,8,10,media_pr
pacificprime.ae,17,6,2,1,other_qualify
thefinanceworld.com,13,3,5,1,other_qualify
gulfrealty.ae,13,4,6,1,re_portal_agency
wordupnews.com,12,4,2,3,media_pr
masarameen.ae,12,3,3,1,other_qualify
maagtechnicalservicellc.com,10,2,1,2,other_qualify
dubairealestatenews.com,9,6,11,7,media_pr
kingdomproperties.ae,8,11,1,1,re_portal_agency
trustradar.net,7,1,1,1,other_qualify
uaethrive.com,7,8,4,2,other_qualify
decypha.com,7,1,2,1,other_qualify
livedubaijobs.com,5,3,1,1,other_qualify
trinityrental.com,3,18,5,1,other_qualify
makdevelopers.com,1,3,3,2,developer
stepinway.com,1,3,2,1,other_qualify
nomoz.org,1,7,2,2,other_qualify
get.ind.in,0,1,1,1,other_qualify
ready.pro,0,1,3,1,other_qualify
internations.org,0,1,2,2,expat_community
realtree.ae,0,1,1,1,other_qualify
robuta.com,0,14,52,15,other_qualify
way2check.cv,0,1,2,1,other_qualify
bektu.com,0,2,2,2,other_qualify
read.org.in,0,1,2,2,other_qualify
aqarat.guru,0,4,2,1,other_qualify
kuwaititribune.com,0,3,4,7,other_qualify
agilityglobaluae.com,0,1,1,1,other_qualify
scrollstash.com,0,4,4,2,other_qualify
bestadultdirectory.com,0,1,1,1,other_qualify
sergechel.info,0,1,3,1,other_qualify
worldbusinesspromote.com,0,5,7,2,other_qualify
seomuda.id,0,2,3,1,other_qualify
torun-stolarz.pl,0,3,3,1,other_qualify
shoplogist.com,0,2,3,1,other_qualify
constitute.net,0,1,1,1,other_qualify
ycm.info,0,1,1,1,other_qualify
phinin.com,0,1,1,1,other_qualify
toplist.co.in,0,1,1,1,other_qualify
remtimes.com,0,2,1,3,media_pr
prospeo.io,0,12,4,4,other_qualify
dubitop.com,0,1,3,1,other_qualify
xedulichdaklak.com,0,1,3,1,other_qualify
wallpapers.pro,0,1,4,1,other_qualify
freeworlddirectory.com,0,1,1,1,other_qualify
ostaservices.com,0,5,5,2,other_qualify
eliterankdirectory.com,0,2,5,4,other_qualify
anthonyjosephaj.com,0,3,8,1,other_qualify
builtenvironmentme.com,0,1,3,3,other_qualify
globalecommerce.org,0,1,3,1,other_qualify
propertybnews.com,0,2,4,6,media_pr
million.pro,0,1,1,1,other_qualify
letsprosper.ae,0,2,1,4,other_qualify
seo-anomaly-shenzhen.website,0,15,1,1,other_qualify
propertydevelopments.com,0,3,12,7,re_portal_agency
alljobs.info,0,2,6,2,other_qualify
enterpriseam.com,0,8,13,6,other_qualify
getwebsiteworth.com,0,3,10,3,other_qualify
middleeastbriefing.com,0,2,1,3,other_qualify
seo-anomaly-moscow.space,0,23,1,1,other_qualify
seo-anomaly-beijing.site,0,12,1,1,other_qualify
seo-anomaly-tianjin.website,0,23,1,1,other_qualify
w3bdirectory.com,0,1,1,1,other_qualify
bayatgroupe.com,0,1,1,1,other_qualify
localemirates.com,0,6,8,66,other_qualify
seo-anomaly-istanbul.space,0,23,1,1,other_qualify
seo-anomaly-seoul.website,0,23,1,1,other_qualify
yourdubaiguide.com,0,1,2,1,other_qualify
seo-anomaly-beijing.online,0,14,1,1,other_qualify
seo-anomaly-mumbai.website,0,20,1,1,other_qualify
seo-anomaly-guangzhou.site,0,23,1,1,other_qualify
backlink.asia,0,1,1,1,other_qualify
seo-anomaly-osaka.site,0,10,1,1,other_qualify
seo-anomaly-kolkata.online,0,22,1,1,other_qualify
residency24.com,0,2,2,2,other_qualify
seo-anomaly-cairo.space,0,19,1,1,other_qualify
seo-anomaly-los-angeles.site,0,20,1,1,other_qualify
seo-anomaly-dhaka.site,0,23,1,1,other_qualify
seo-anomaly-chongqing.website,0,18,1,1,other_qualify
seo-anomaly-shanghai.online,0,23,1,1,other_qualify
mydomaininfo.com,0,1,1,1,other_qualify
seo-anomaly-shenzhen.space,0,23,1,1,other_qualify
allreviews.in,0,1,1,1,other_qualify
seo-anomaly-los-angeles.website,0,23,1,1,other_qualify
searchalldomains.com,0,1,1,1,other_qualify
seo-anomaly-jakarta.space,0,14,1,1,other_qualify
websitesocean.com,0,1,1,1,other_qualify
seo-anomaly-delhi.website,0,23,1,1,other_qualify
seo-anomaly-jakarta.site,0,15,1,1,other_qualify
seo-anomaly-lahore.space,0,23,1,1,other_qualify
seo-anomaly-delhi.online,0,23,1,1,other_qualify
seo-anomaly-mumbai.space,0,23,1,1,other_qualify
seo-anomaly-mexico.website,0,19,1,1,other_qualify
seo-anomaly-cairo.website,0,23,1,1,other_qualify
seo-anomaly-mexico.space,0,23,1,1,other_qualify
seo-anomaly-kolkata.space,0,23,1,1,other_qualify
seo-anomaly-tokyo.online,0,18,1,1,other_qualify
seo-anomaly-lagos.site,0,23,1,1,other_qualify
seo-anomaly-istanbul.website,0,23,1,1,other_qualify
seo-anomaly-manila.website,0,23,1,1,other_qualify
seo-anomaly-istanbul.online,0,23,1,1,other_qualify
seo-anomaly-tokyo.website,0,23,1,1,other_qualify
seo-anomaly-osaka.space,0,23,1,1,other_qualify
brokeryhero.com,0,3,6,5,other_qualify
seo-anomaly-shenzhen.online,0,23,1,1,other_qualify
skylinkseo.site,0,2,2,1,other_qualify
fastbase.com,0,2,4,7,other_qualify
seo-anomaly-manila.space,0,23,1,1,other_qualify
seo-anomaly-cairo.online,0,23,1,1,other_qualify
seo-anomaly-mexico.site,0,23,1,1,other_qualify
seo-anomaly-mexico.online,0,23,1,1,other_qualify
seo-anomaly-lahore.site,0,23,1,1,other_qualify
seo-anomaly-osaka.online,0,23,1,1,other_qualify
seo-anomaly-chongqing.space,0,23,1,1,other_qualify
seo-anomaly-beijing.space,0,23,1,1,other_qualify
seo-anomaly-dhaka.website,0,23,1,1,other_qualify
seo-anomaly-manila.online,0,23,1,1,other_qualify
seo-anomaly-dhaka.online,0,23,1,1,other_qualify
seo-anomaly-lahore.online,0,23,1,1,other_qualify
seo-anomaly-los-angeles.online,0,23,1,1,other_qualify
seo-anomaly-lagos.space,0,23,1,1,other_qualify
seo-anomaly-karachi.space,0,23,1,1,other_qualify
seo-anomaly-sao-paulo.website,0,23,1,1,other_qualify
seo-anomaly-moscow.site,0,23,1,1,other_qualify
seo-anomaly-manila.site,0,23,1,1,other_qualify
seo-anomaly-rio.online,0,23,1,1,other_qualify
seo-anomaly-istanbul.site,0,23,1,1,other_qualify
seo-anomaly-mumbai.online,0,23,1,1,other_qualify
seo-anomaly-delhi.site,0,23,1,1,other_qualify
seo-anomaly-dhaka.space,0,23,1,1,other_qualify
seo-anomaly-guangzhou.website,0,23,1,1,other_qualify
seo-anomaly-karachi.online,0,23,1,1,other_qualify
seo-anomaly-cairo.site,0,23,1,1,other_qualify
seo-anomaly-mumbai.site,0,23,1,1,other_qualify
primecompanydirectory.com,0,2,6,4,other_qualify
businesslistingportal.com,0,2,6,4,other_qualify
enterprisedirectoryhub.com,0,2,6,4,other_qualify
seo-anomaly-shanghai.site,0,23,1,1,other_qualify
seo-anomaly-sao-paulo.space,0,23,1,1,other_qualify
seo-anomaly-lagos.online,0,23,1,1,other_qualify
seo-anomaly-rio.website,0,23,1,1,other_qualify
seo-anomaly-lagos.website,0,23,1,1,other_qualify
seo-anomaly-tokyo.site,0,23,1,1,other_qualify
seo-anomaly-kolkata.site,0,20,1,1,other_qualify
seo-anomaly-karachi.site,0,23,1,1,other_qualify
seo-anomaly-shanghai.website,0,23,1,1,other_qualify
seo-anomaly-tianjin.online,0,23,1,1,other_qualify
seo-anomaly-guangzhou.space,0,22,1,1,other_qualify
seo-anomaly-jakarta.website,0,23,1,1,other_qualify
seo-anomaly-seoul.site,0,23,1,1,other_qualify
seo-anomaly-shenzhen.site,0,23,1,1,other_qualify
seo-anomaly-tianjin.space,0,23,1,1,other_qualify
seo-anomaly-seoul.space,0,23,1,1,other_qualify
seo-anomaly-guangzhou.online,0,23,1,1,other_qualify
seo-anomaly-rio.space,0,23,1,1,other_qualify
seo-anomaly-los-angeles.space,0,23,1,1,other_qualify
seo-anomaly-tokyo.space,0,23,1,1,other_qualify
seo-anomaly-moscow.website,0,23,1,1,other_qualify
seo-anomaly-sao-paulo.site,0,23,1,1,other_qualify
seo-anomaly-kolkata.website,0,23,1,1,other_qualify
seo-anomaly-sao-paulo.online,0,23,1,1,other_qualify
ipsnews.net,0,1,2,2,media_pr
domainnamesbook.com,0,1,1,1,other_qualify
seodirectorypro.com,0,2,6,4,other_qualify
allistingdirectory.com,0,2,6,4,other_qualify
newscrunch.org,0,1,1,1,media_pr
backlinks.cyou,0,1,1,1,other_qualify
citytimes.tw,0,2,1,2,media_pr
dubairealtyindia.com,0,26,24,5,re_portal_agency
bit.ly,0,1,1,4,other_qualify
websitesreports.com,0,1,1,1,other_qualify
cnegypt.com,0,1,9,16,other_qualify
uaewave.com,0,8,2,1,other_qualify
hammermindset.com,0,3,1,2,other_qualify
worldtopwebsite.com,0,2,1,1,other_qualify
traffichubdirectory.com,0,2,6,4,other_qualify
authorityprodirectory.com,0,2,6,4,other_qualify
worldseodirectory.com,0,2,6,4,other_qualify
linkboostdirectory.com,0,2,6,4,other_qualify
seotrafficdirectory.com,0,2,6,4,other_qualify
globalrankdirectory.com,0,2,6,4,other_qualify
new.net.in,0,1,1,1,other_qualify
postsdirectory.com,0,2,1,1,other_qualify
emiratesinsight.com,0,5,7,4,other_qualify
realanter.com,0,3,1,2,other_qualify
mydeepin.ru,0,7,4,3,other_qualify
australianwebdirectory.pro,0,1,4,2,other_qualify
juwai.asia,0,18,3,5,other_qualify
globalcocolk.com,0,1,2,1,other_qualify
aghayeamlak.com,0,4,4,2,other_qualify
astrologlar.com,0,2,3,2,other_qualify
businesslobbies.com,0,1,3,12,other_qualify
gaister.com,0,1,3,2,other_qualify
ahrefs-links.com,0,3,7,6,other_qualify
topbilliondirectory.com,0,1,1,1,other_qualify
m-he.com,0,2,3,2,other_qualify
fastrankingdirectory.com,0,2,3,1,other_qualify
powerlinkdirectory.com,0,3,7,4,other_qualify
backlinkboostdirectory.com,0,4,12,8,other_qualify
worldmarketingdirectoy.com,0,3,2,2,other_qualify
topsitedirectoy.com,0,3,2,2,other_qualify
sisgroup.lk,0,2,3,2,other_qualify
passiogolf.vn,0,1,2,1,other_qualify
linkzonedirectory.com,0,3,2,2,other_qualify
productionfunctionusa.com,0,2,3,2,other_qualify
topsiterankdirectory.com,0,5,13,8,other_qualify
socialwebdirectory.com,0,3,2,2,other_qualify
clicktorankdirectoy.com,0,3,2,2,other_qualify
marketinghubdirectoy.com,0,3,2,2,other_qualify
ezeller.com,0,2,3,2,other_qualify
webreviewsdirectory.com,0,3,2,2,other_qualify
webbranddirectory.com,0,3,2,2,other_qualify
mostrankddirectory.com,0,3,2,2,other_qualify
topdomaindirectory.com,0,3,2,2,other_qualify
fastrankdirectory.com,0,4,7,6,other_qualify
bestbusniessdirectory.com,0,3,2,2,other_qualify
linkpointdirectory.com,0,4,7,6,other_qualify
seotech2.com,0,1,1,1,other_qualify
siteprice.org,0,65,57,17,other_qualify
viralzonedirectory.com,0,2,2,2,other_qualify
socialnewsdirectory.com,0,3,2,2,media_pr
yelpdirectory.com,0,3,12,6,other_qualify
blogcontent.io,0,10,18,13,other_qualify
gatewaycatalog.com,0,1,3,1,other_qualify
realypay.com,0,1,1,1,other_qualify
usaseodirectory.com,0,6,11,6,other_qualify
seobacklinkdirectory.com,0,4,10,8,other_qualify
okuman-go.jp,0,8,7,2,other_qualify
arabicwebdirectory.com,0,1,1,1,other_qualify
achievedomains.com,0,1,1,1,other_qualify
bestfree.co.uk,0,8,12,2,other_qualify
linkpitcherdirectory.com,0,3,2,2,other_qualify
allbusinesdirectory.com,0,3,2,2,other_qualify
nabookarts.com,0,1,4,3,other_qualify
income.net.in,0,1,1,1,other_qualify
sitescrawl.com,0,1,1,1,other_qualify
fashioment.com,0,12,4,6,other_qualify
jazminsbeautysalon.be,0,1,2,1,other_qualify
paris-souking.com,0,1,1,1,other_qualify
homeitbetter.com,0,2,39,2,other_qualify
livewebsites.net,0,1,1,1,other_qualify
australianwebdirectory.shop,0,1,3,2,other_qualify
seozonedirectory.com,0,3,3,2,other_qualify
socialzonedirectory.com,0,3,2,2,other_qualify
rankmeetsitesdirectory.com,0,3,3,2,other_qualify
rankhubdirectory.com,0,3,2,2,other_qualify
linkhubdirectory.com,0,3,3,2,other_qualify
smartwaydirectory.com,0,3,1,2,other_qualify
backlinktime.com,0,2,8,5,other_qualify
domainsquiz.com,0,1,1,1,other_qualify
backlinks.click,0,1,1,1,other_qualify
list.show,0,1,1,1,other_qualify
addondirectory.com,0,1,1,1,other_qualify
dxbestate.net,0,1,1,1,re_portal_agency
livebacklinks.com,0,1,1,1,other_qualify
information.net.in,0,1,1,1,other_qualify
publicdirectory.in,0,1,1,1,other_qualify
agmermer.pro,0,1,4,2,other_qualify
techpark.org,0,1,1,1,other_qualify
globallinkdirectory.com,0,1,1,1,other_qualify
alpana.co.in,0,1,1,1,other_qualify
summary.co.in,0,1,1,1,other_qualify
easydirectory.in,0,1,1,1,other_qualify
touristpoints.in,0,1,1,1,other_qualify
backlink.solutions,0,1,1,1,other_qualify
advertiseyourdomain.com,0,1,1,1,other_qualify
onemilliondomains.com,0,1,1,1,other_qualify
whenregistered.com,0,1,1,1,other_qualify
thearticletime.com,0,1,2,1,other_qualify
onlinefestival.in,0,1,1,1,other_qualify
allaboutseo.net,0,1,1,1,other_qualify
websitefinder.org,0,1,1,1,other_qualify
what-happens-next.xyz,0,1,4,2,other_qualify
thebestbacklinksavailable.click,0,1,4,2,other_qualify
browseallexpireddomains.us,0,1,4,2,other_qualify
financefundsupdate.com,0,2,1,4,other_qualify
dvestal.org,0,1,1,2,other_qualify
hebagh.com,0,1,1,1,other_qualify
toplinksites.com,0,1,2,1,other_qualify
africandiasporahub.com,0,3,6,1,other_qualify
18.61.13.26,0,7,4,6,other_qualify
yexhub.com,0,1,2,2,other_qualify
mundotecnologia.info,0,1,4,2,other_qualify
listingnearme.com,0,2,1,2,other_qualify
cheapsecuritydoors.net,0,16,40,16,other_qualify
namenfinden.de,0,11,25,2,other_qualify
websitescrawl.com,0,1,2,1,other_qualify
webdesignerdirectory.in,0,1,1,1,other_qualify
ec2-18-61-13-26.ap-south-2.compute.amazonaws.com,0,7,6,2,other_qualify
skiglaciermt.com,0,3,4,1,other_qualify
insumosartesgraficas.com,0,2,2,1,other_qualify
cricketlive.co.in,0,1,1,1,other_qualify
kredium.ae,0,2,2,1,other_qualify
bestdirectorysite.com,0,1,1,1,other_qualify
showdirectory.in,0,1,1,1,other_qualify
ranksdirectory.com,0,1,2,2,other_qualify
sbyme.com,0,1,1,1,other_qualify
topupdirectory.com,0,1,2,1,other_qualify
pirdu.com,0,1,1,2,other_qualify
99bestsite.com,0,1,1,1,other_qualify
prepostlink.com,0,1,2,1,other_qualify
topacted.com,0,1,1,1,other_qualify
cricketinfo.co.in,0,1,1,1,other_qualify
buntya.com,0,1,1,1,other_qualify
linkwebdirectory.com,0,1,1,1,other_qualify
websiteslist.net,0,1,1,1,other_qualify
searchhotels.in,0,1,1,1,other_qualify
newwayint.com,0,5,5,1,other_qualify
anjana.co.in,0,1,1,1,other_qualify
aliyasrealestate.ae,0,57,24,1,re_portal_agency
addurl.pro,0,1,1,1,other_qualify
love.net.in,0,1,1,1,other_qualify
blogdir.net,0,1,1,1,other_qualify
urlm.it,0,1,1,1,other_qualify
backlinks.directory,0,1,1,1,other_qualify
developmentmi.com,0,2,3,1,other_qualify
freebiesdubai.com,0,6,7,2,other_qualify
list.net.in,0,1,1,1,other_qualify
one.net.in,0,1,1,1,other_qualify
domainsdirectory.org,0,1,1,1,other_qualify
topdirectory.co.in,0,1,1,1,other_qualify
alexbrowncreative.com,0,4,2,1,other_qualify
shubhangi.co.in,0,1,1,1,other_qualify
scribepoint.jp,0,1,2,1,other_qualify
ansaroo.com,0,1,3,3,other_qualify
sharpultrasound.co.nz,0,3,2,2,other_qualify
cac.edu.ge,0,59,43,1,other_qualify
beststartup.asia,0,9,6,8,other_qualify
topdoma.in,0,1,1,1,other_qualify
zoominfo.com,0,1,1,3,other_qualify
crunchbase.com,0,3,3,2,other_qualify
aparthotel.com,0,616,1436,60,other_qualify
levleachim.co.il,0,3,2,2,other_qualify
foodroute.nl,0,1,1,1,other_qualify
zhygg.com,0,1,1,1,other_qualify
lovin.co,0,5,4,1,other_qualify
muchmore.in,0,1,1,1,other_qualify
i-touch.com.ua,0,3,3,1,other_qualify
novaemirates.com,0,1,2,4,other_qualify
emirates247.com,0,1,1,1,other_qualify
jlmrentals.com,0,2,1,1,other_qualify
heavenarticle.com,0,4,7,3,other_qualify
maklervergleich-dubai.de,0,6,7,10,other_qualify
nucamp.co,0,4,1,1,other_qualify
glarity.app,0,200,168,6,other_qualify
ethiodiasporahub.com,0,3,6,1,other_qualify
janhit.in,0,1,1,1,other_qualify
ketaki.co.in,0,1,1,1,other_qualify
webscountry.com,0,4,5,5,other_qualify
cashinsight.co.uk,0,3,1,4,other_qualify
nbsrealestate.co,0,4,10,3,re_portal_agency
sarwa.co,0,7,2,2,other_qualify
carsforrent.ae,0,2,1,1,other_qualify
noumouproperties.com,0,1,3,2,re_portal_agency
ezilon.com,0,1,1,1,other_qualify
july.co.in,0,1,1,1,other_qualify
digitalnomads.world,0,2,2,2,other_qualify
lifeinemirates.com,0,1,2,1,other_qualify
offthemrkt.com,0,1,1,1,other_qualify
dubaipropertyguide.io,0,3,5,28,re_portal_agency
royaloakdubai.com,0,3,2,1,other_qualify
lubbil.com,0,9,2,3,other_qualify
sitelike.org,0,82,67,30,other_qualify
newfilms.in,0,1,1,1,other_qualify
yoys.ae,0,2,2,114,other_qualify
keyoneproperties.com,0,2,2,1,re_portal_agency
emaratya.com,0,2,1,1,other_qualify
onemanarmy.in,0,1,1,1,other_qualify
theorg.com,0,1,14,3,other_qualify
technofizi.net,0,1,1,1,other_qualify
findmassleads.com,0,1,1,1,other_qualify
expatfocus.com,0,6,6,2,expat_community
interalex.net,0,6,1,18,other_qualify
moneycorp.com,0,2,2,2,other_qualify
yango.com,0,14,7,20,other_qualify
cambiarevita.eu,0,2,2,2,other_qualify
investdxb.com,0,2,1,1,other_qualify
gulfbusiness.com,0,4,25,14,other_qualify
livingindubai.co.uk,0,8,6,2,other_qualify
hidubai.com,0,4,2,5,other_qualify
chevalblancrealestate.com,0,2,2,1,re_portal_agency
livingindubai.org,0,1,1,3,other_qualify
dubailocal.ae,0,1,3,3,other_qualify
uaetimes.ae,0,2,1,1,media_pr
about.me,0,1,1,3,other_qualify
businesstoday.me,0,2,9,7,other_qualify
mosoah.com,0,7,8,2,other_qualify
tecdud.com,0,13,1,2,other_qualify
prlog.ru,0,195,161,175,other_qualify
comeindubai.com,0,1,2,1,other_qualify
wayranks.com,0,5,10,3,other_qualify
estateinnovation.com,0,3,2,3,re_portal_agency
willettonuniforms.com.au,0,23,7,5,other_qualify
offshorecorptalk.com,0,6,17,4,other_qualify
alestat.com,0,4,4,4,other_qualify
hoursfinder.com,0,54,4,2,other_qualify
urlm.co.uk,0,1,1,1,other_qualify
qsans.com,0,4,7,4,other_qualify
wise.com,0,21,29,4,other_qualify
dubaicityguide.com,0,10,2,11,other_qualify
sme10x.com,0,1,1,1,other_qualify
stepbystep.com,0,1,1,1,other_qualify
snn.gr,0,2,4,18,other_qualify
thepinnaclelist.com,0,2,2,2,other_qualify
cbnme.com,0,5,4,5,other_qualify
theglobe.net,0,2,4,2,other_qualify
